Внешний код,Название,Символьный код,Активность,Сортировка,Текст анонса,Тип текста,Картинка анонса,Детальный текст,Тип текста,Детальная картинка,Производитель,Партномер,Количество контактов_от,Количество контактов_до,Температурный диапазон_от_С°,Температурный диапазон_до_С°,Максимальное рабочее напряжение_В,Количество сочленений,Сопротивление контактов_Ом,Сопротивление изоляции_МОм,Волновое сопротивление_Ом,Коэффициент стоячей волны по напряжению на 3000 МГц_от,Коэффициент стоячей волны по напряжению на 3000 МГц_до,Минимальная наработка_часов,Количество сочленения-расчленений,№ ТУ на серию,Обозначение КД,Тип изделия_назначение,Дополнительные фото,Datasheet,Заменяет,Заголовок h1,title,description,Название секции 1 уровень,XML_ID секции 1 уровень
"Обязательное
razyomy_№","Строка
Обязательное
","Строка
","да/нет (галочка)
Варианты значений:
Y
N
","Число
Комментарий:
Шаг 10 или 100","HTML/текст
","Техническое свойство
Варианты заполнения: html или text","Файл
","HTML/текст
","Техническое свойство
Варианты заполнения: html или text","Файл
","Строка
Обязательное
","Строка
","Число
","Число
","Строка
","Строка
","Число
","Число
","Число
","Число
","Число
","Число
","Число
","Число
","Число
","Строка
","Строка
","Строка
","Файл
Множественное
",Файл,"Привязка к элементам по XML_ID
Множественное
","Строка
","Строка
","Строка
",Строка,Привязка по XML_ID
IE_XML_ID,IE_NAME,IE_CODE,IE_ACTIVE,IE_SORT,IE_PREVIEW_TEXT,IE_PREVIEW_TEXT_TYPE,IE_PREVIEW_PICTURE,IE_DETAIL_TEXT,IE_DETAIL_TEXT_TYPE,IE_DETAIL_PICTURE,MANUFACTURER,PARTNUMBER,NUMBER_OF_CONTACTS_FROM,NUMBER_OF_CONTACTS_TO,TEMPERATURE_RANGE_FROM,TEMPERATURE_RANGE_TO,MAXIMUM_OPERATING_VOLTAGE,THE_NUMBER_OF_JOINTS,CONTACT_RESISTANCE_OM,INSULATION_RESISTANCE_MOM,WAVE_RESISTANCE_OM,STANDING_WAVE_COEFFICIENT_OF_VOLTAGE_OF_3000_MHZ_FR,STANDING_WAVE_COEFFICIENT_OF_VOLTAGE_OF_3000_MHZ_TO,MINIMUM_WORKSHOP,THE_NUMBER_OF_ARTICULATIONS,NUMBER_FOR_THE_SERIES,DESIGNATION,TYPE_OF_PRODUCT_NOBEUM,PHOTOS,DATASHEET,REPLACES,H1,TITLE,DESCRIPTION,IC_GROUP0,IC_XML_ID0
demo_razyomy_1,ДЕМО элемент,demo-element,Y,100,"<p>Мы работали с поисковыми системами на всех этапах их становления и прошли путь от обмена ссылками до работы с поведенческим фактором.</p>
<p>За более чем 15 лет работы в различных условиях мы сформировали уникальный ценный опыт. Нам есть о чем вспомнить, однако самые яркие случаи из практики для нас — это вернувшиеся клиенты, которые поработали с другими компаниями и в итоге все-таки выбрали нас.</p>
<p>К нам возвращаются, нас рекомендуют друзьям. И мы делаем все, чтобы оправдывать оказанное доверие.</p>",html,demo_1.jpeg,"<p>Мы работали с поисковыми системами на всех этапах их становления и прошли путь от обмена ссылками до работы с поведенческим фактором.</p>
<p>За более чем 15 лет работы в различных условиях мы сформировали уникальный ценный опыт. Нам есть о чем вспомнить, однако самые яркие случаи из практики для нас — это вернувшиеся клиенты, которые поработали с другими компаниями и в итоге все-таки выбрали нас.</p>
<p>К нам возвращаются, нас рекомендуют друзьям. И мы делаем все, чтобы оправдывать оказанное доверие.</p>",html,demo_1.jpeg,Сайты для SEO,Сайты для SEO,1,1,Сайты для SEO,Сайты для SEO,1,1,1,1,1,1,1,1,1,Сайты для SEO,Сайты для SEO,Сайты для SEO,demo_1.jpeg####demo_2.jpeg####demo_3.jpeg,demo_1.jpeg,element_1####element_2####element_3,ДЕМО заголовок элемента,ДЕМО title страницы,ДЕМО description страницы,ДЕМО Секция 1,demo_razyomy_section_1
razyomy_1,Производство разъёмов «под заказ»,proizvodstvo-razyomov-pod-zakaz,Y,200,<p>«ЭКБ ТЕСТ» — надёжный партнёр для вашего бизнеса. Комплексные решения в микроэлектронике. Адекватные цены на производство разъёмов «под заказ». Разумные сроки. Индивидуальный подход.</p>,html,"ЕТ-СНЦ13, ЕТ-СНЦ14, ЕТ-СНЦ43.png",<p>«ЭКБ ТЕСТ» — надёжный партнёр для вашего бизнеса. Комплексные решения в микроэлектронике. Адекватные цены на производство разъёмов «под заказ». Разумные сроки. Индивидуальный подход.</p>,html,"ЕТ-СНЦ13, ЕТ-СНЦ14, ЕТ-СНЦ43.png",ЭКБ ТЕСТ,,,,,,,,,,,,,,,,,,,,,Производство разъёмов «под заказ»,Производство разъёмов «под заказ»⚡ЭКБ ТЕСТ,ЭКБ ТЕСТ — надёжный партнёр для вашего бизнеса. Комплексные решения в микроэлектронике. Адекватные цены на производство разъёмов «под заказ». Разумные сроки. Индивидуальный подход.,Разъёмы ЭКБ ТЕСТ,razyomy_section_1
razyomy_2,Разъём многополюсный ЕТ-СНЦ13,razyom-mnogopolyusnyj-et-snc13,Y,300,,html,"ЕТ-СНЦ13, ЕТ-СНЦ14, ЕТ-СНЦ43.png",,html,"ЕТ-СНЦ13, ЕТ-СНЦ14, ЕТ-СНЦ43.png",ЭКБ ТЕСТ,ЕТ-СНЦ13,10,102,-60, `+85,140,250,,,,,,,,,,Разъём многополюсный \ бортовая аппаратура,,,razyomy_31,Разъём многополюсный ЕТ-СНЦ13,Разъём многополюсный ЕТ-СНЦ13⚡Изготовление на заказ ✔ pin-to-pin / функциональные замены⚡Испытательная лаборатория⚡ЭКБ ТЕСТ,ЭКБ ТЕСТ — надёжный партнёр для вашего бизнеса. Комплексные решения в микроэлектронике. Адекватные цены на многополюсные разъёмы ЕТ-СНЦ13. Разумные сроки. Индивидуальный подход.,Разъёмы ЭКБ ТЕСТ,razyomy_section_1
razyomy_3,Разъём многополюсный ЕТ-СНЦ14,razyom-mnogopolyusnyj-et-snc14,Y,400,,html,"ЕТ-СНЦ13, ЕТ-СНЦ14, ЕТ-СНЦ43.png",,html,"ЕТ-СНЦ13, ЕТ-СНЦ14, ЕТ-СНЦ43.png",ЭКБ ТЕСТ,ЕТ-СНЦ14,10,102,-60, `+85,140,250,,,,,,,,,,Разъём многополюсный \ бортовая аппаратура,,,razyomy_32,Разъём многополюсный ЕТ-СНЦ14,Разъём многополюсный ЕТ-СНЦ14⚡Изготовление на заказ ✔ pin-to-pin / функциональные замены⚡Испытательная лаборатория⚡ЭКБ ТЕСТ,ЭКБ ТЕСТ — надёжный партнёр для вашего бизнеса. Комплексные решения в микроэлектронике. Адекватные цены на многополюсные разъёмы ЕТ-СНЦ14. Разумные сроки. Индивидуальный подход.,Разъёмы ЭКБ ТЕСТ,razyomy_section_1
razyomy_4,Разъём многополюсный ЕТ-СНЦ43,razyom-mnogopolyusnyj-et-snc43,Y,500,,html,"ЕТ-СНЦ13, ЕТ-СНЦ14, ЕТ-СНЦ43.png",,html,"ЕТ-СНЦ13, ЕТ-СНЦ14, ЕТ-СНЦ43.png",ЭКБ ТЕСТ,ЕТ-СНЦ43,10,102,-60, `+85,140,250,,,,,,,,,,Разъём многополюсный \ бортовая аппаратура,,,razyomy_33,Разъём многополюсный ЕТ-СНЦ43,Разъём многополюсный ЕТ-СНЦ43⚡Изготовление на заказ ✔ pin-to-pin / функциональные замены⚡Испытательная лаборатория⚡ЭКБ ТЕСТ,ЭКБ ТЕСТ — надёжный партнёр для вашего бизнеса. Комплексные решения в микроэлектронике. Адекватные цены на многополюсные разъёмы ЕТ-СНЦ43. Разумные сроки. Индивидуальный подход.,Разъёмы ЭКБ ТЕСТ,razyomy_section_1
razyomy_5,Разъём многополюсный ЕТ-ШР,razyom-mnogopolyusnyj-et-shr,Y,600,,html,"ЕТ-ШР, ЕТ-СШР, ЕТ-2РТТ.png",,html,"ЕТ-ШР, ЕТ-СШР, ЕТ-2РТТ.png",ЭКБ ТЕСТ,ЕТ-ШР,1,48,-60, `+50,850,500,,,,,,,,,,Разъём многополюсный \ бортовая аппаратура,,,razyomy_34,Разъём многополюсный ЕТ-ШР,Разъём многополюсный ЕТ-ШР⚡Изготовление на заказ ✔ pin-to-pin / функциональные замены⚡Испытательная лаборатория⚡ЭКБ ТЕСТ,ЭКБ ТЕСТ — надёжный партнёр для вашего бизнеса. Комплексные решения в микроэлектронике. Адекватные цены на многополюсные разъёмы ЕТ-ШР. Разумные сроки. Индивидуальный подход.,Разъёмы ЭКБ ТЕСТ,razyomy_section_1
razyomy_6,Разъём многополюсный ЕТ-СШР,razyom-mnogopolyusnyj-et-sshr,Y,700,,html,"ЕТ-ШР, ЕТ-СШР, ЕТ-2РТТ.png",,html,"ЕТ-ШР, ЕТ-СШР, ЕТ-2РТТ.png",ЭКБ ТЕСТ,ЕТ-СШР,1,48,-60, `+50,850,500,,,,,,,,,,Разъём многополюсный \ бортовая аппаратура,,,razyomy_35,Разъём многополюсный ЕТ-СШР,Разъём многополюсный ЕТ-СШР⚡Изготовление на заказ ✔ pin-to-pin / функциональные замены⚡Испытательная лаборатория⚡ЭКБ ТЕСТ,ЭКБ ТЕСТ — надёжный партнёр для вашего бизнеса. Комплексные решения в микроэлектронике. Адекватные цены на многополюсные разъёмы ЕТ-СШР. Разумные сроки. Индивидуальный подход.,Разъёмы ЭКБ ТЕСТ,razyomy_section_1
razyomy_7,Разъём многополюсный ЕТ-2РТТ,razyom-mnogopolyusnyj-et-2rtt,Y,800,,html,"ЕТ-ШР, ЕТ-СШР, ЕТ-2РТТ.png",,html,"ЕТ-ШР, ЕТ-СШР, ЕТ-2РТТ.png",ЭКБ ТЕСТ,ЕТ-2РТТ,1,48,-60, `+150,850,500,,,,,,,,,,Разъём многополюсный \ бортовая аппаратура,,,razyomy_36,Разъём многополюсный ЕТ-2РТТ,Разъём многополюсный ЕТ-2РТТ⚡Изготовление на заказ ✔ pin-to-pin / функциональные замены⚡Испытательная лаборатория⚡ЭКБ ТЕСТ,ЭКБ ТЕСТ — надёжный партнёр для вашего бизнеса. Комплексные решения в микроэлектронике. Адекватные цены на многополюсные разъёмы ЕТ-2РТТ. Разумные сроки. Индивидуальный подход.,Разъёмы ЭКБ ТЕСТ,razyomy_section_1
razyomy_8,Разъём многополюсный ЕТ-СНЦ13-2,razyom-mnogopolyusnyj-et-snc13-2,Y,900,,html,"ЕТ-СНЦ13, ЕТ-СНЦ14, ЕТ-СНЦ43 (2).png",,html,"ЕТ-СНЦ13, ЕТ-СНЦ14, ЕТ-СНЦ43 (2).png",ЭКБ ТЕСТ,ЕТ-СНЦ13-2,2,47,-60, `+400,350,250,,,,,,,,,,Разъём многополюсный \ бортовая аппаратура,,,razyomy_37,Разъём многополюсный ЕТ-СНЦ13-2,Разъём многополюсный ЕТ-СНЦ13-2⚡Изготовление на заказ ✔ pin-to-pin / функциональные замены⚡Испытательная лаборатория⚡ЭКБ ТЕСТ,ЭКБ ТЕСТ — надёжный партнёр для вашего бизнеса. Комплексные решения в микроэлектронике. Адекватные цены на многополюсные разъёмы ЕТ-СНЦ13-2. Разумные сроки. Индивидуальный подход.,Разъёмы ЭКБ ТЕСТ,razyomy_section_1
razyomy_9,Разъём многополюсный ЕТ-СНЦ14-2,razyom-mnogopolyusnyj-et-snc14-2,Y,1000,,html,"ЕТ-СНЦ13, ЕТ-СНЦ14, ЕТ-СНЦ43 (2).png",,html,"ЕТ-СНЦ13, ЕТ-СНЦ14, ЕТ-СНЦ43 (2).png",ЭКБ ТЕСТ,ЕТ-СНЦ14-2,2,47,-60, `+400,350,250,,,,,,,,,,Разъём многополюсный \ бортовая аппаратура,,,razyomy_37,Разъём многополюсный ЕТ-СНЦ14-2,Разъём многополюсный ЕТ-СНЦ14-2⚡Изготовление на заказ ✔ pin-to-pin / функциональные замены⚡Испытательная лаборатория⚡ЭКБ ТЕСТ,ЭКБ ТЕСТ — надёжный партнёр для вашего бизнеса. Комплексные решения в микроэлектронике. Адекватные цены на многополюсные разъёмы ЕТ-СНЦ14-2. Разумные сроки. Индивидуальный подход.,Разъёмы ЭКБ ТЕСТ,razyomy_section_1
razyomy_10,Разъём многополюсный ЕТ-СНЦ43-2,razyom-mnogopolyusnyj-et-snc43-2,Y,1100,,html,"ЕТ-СНЦ13, ЕТ-СНЦ14, ЕТ-СНЦ43 (2).png",,html,"ЕТ-СНЦ13, ЕТ-СНЦ14, ЕТ-СНЦ43 (2).png",ЭКБ ТЕСТ,ЕТ-СНЦ43-2,2,47,-60, `+400,350,250,,,,,,,,,,Разъём многополюсный \ бортовая аппаратура,,,razyomy_37,Разъём многополюсный ЕТ-СНЦ43-2,Разъём многополюсный ЕТ-СНЦ43-2⚡Изготовление на заказ ✔ pin-to-pin / функциональные замены⚡Испытательная лаборатория⚡ЭКБ ТЕСТ,ЭКБ ТЕСТ — надёжный партнёр для вашего бизнеса. Комплексные решения в микроэлектронике. Адекватные цены на многополюсные разъёмы ЕТ-СНЦ43-2. Разумные сроки. Индивидуальный подход.,Разъёмы ЭКБ ТЕСТ,razyomy_section_1
razyomy_11,Разъём многополюсный ЕТ-ШР-2,razyom-mnogopolyusnyj-et-shr-2,Y,1200,,html,"ЕТ-ШР, ЕТ-СШР, ЕТ-2РТТ (2).png",,html,"ЕТ-ШР, ЕТ-СШР, ЕТ-2РТТ (2).png",ЭКБ ТЕСТ,ЕТ-ШР-2,5,7,-60, `+100,300,500,,,,,,,,,,Разъём многополюсный \ бортовая аппаратура,,,razyomy_40,Разъём многополюсный ЕТ-ШР-2,Разъём многополюсный ЕТ-ШР-2⚡Изготовление на заказ ✔ pin-to-pin / функциональные замены⚡Испытательная лаборатория⚡ЭКБ ТЕСТ,ЭКБ ТЕСТ — надёжный партнёр для вашего бизнеса. Комплексные решения в микроэлектронике. Адекватные цены на многополюсные разъёмы ЕТ-ШР-2. Разумные сроки. Индивидуальный подход.,Разъёмы ЭКБ ТЕСТ,razyomy_section_1
razyomy_12,Разъём многополюсный ЕТ-СШР-2,razyom-mnogopolyusnyj-et-sshr-2,Y,1300,,html,"ЕТ-ШР, ЕТ-СШР, ЕТ-2РТТ (2).png",,html,"ЕТ-ШР, ЕТ-СШР, ЕТ-2РТТ (2).png",ЭКБ ТЕСТ,ЕТ-СШР-2,5,7,-60, `+100,300,500,,,,,,,,,,Разъём многополюсный \ бортовая аппаратура,,,razyomy_41,Разъём многополюсный ЕТ-СШР-2,Разъём многополюсный ЕТ-СШР-2⚡Изготовление на заказ ✔ pin-to-pin / функциональные замены⚡Испытательная лаборатория⚡ЭКБ ТЕСТ,ЭКБ ТЕСТ — надёжный партнёр для вашего бизнеса. Комплексные решения в микроэлектронике. Адекватные цены на многополюсные разъёмы ЕТ-СШР-2. Разумные сроки. Индивидуальный подход.,Разъёмы ЭКБ ТЕСТ,razyomy_section_1
razyomy_13,Разъём многополюсный ЕТ-2РТТ-2,razyom-mnogopolyusnyj-et-2rtt-2,Y,1400,,html,"ЕТ-ШР, ЕТ-СШР, ЕТ-2РТТ (2).png",,html,"ЕТ-ШР, ЕТ-СШР, ЕТ-2РТТ (2).png",ЭКБ ТЕСТ,ЕТ-2РТТ-2,5,7,-60, `+100,300,500,,,,,,,,,,Разъём многополюсный \ бортовая аппаратура,,,razyomy_42,Разъём многополюсный ЕТ-2РТТ-2,Разъём многополюсный ЕТ-2РТТ-2⚡Изготовление на заказ ✔ pin-to-pin / функциональные замены⚡Испытательная лаборатория⚡ЭКБ ТЕСТ,ЭКБ ТЕСТ — надёжный партнёр для вашего бизнеса. Комплексные решения в микроэлектронике. Адекватные цены на многополюсные разъёмы ЕТ-2РТТ-2. Разумные сроки. Индивидуальный подход.,Разъёмы ЭКБ ТЕСТ,razyomy_section_1
razyomy_14,Разъём многополюсный ЕТ-РБМ4,razyom-mnogopolyusnyj-et-rbm4,Y,1500,,html,ЕТ-РБМ4.png,,html,ЕТ-РБМ4.png,ЭКБ ТЕСТ,ЕТ-РБМ4,4,55,-60, `+100,560,1000,,,,,,,,,,Разъём многополюсный \ бортовая аппаратура,,,razyomy_43,Разъём многополюсный ЕТ-РБМ4,Разъём многополюсный ЕТ-РБМ4⚡Изготовление на заказ ✔ pin-to-pin / функциональные замены⚡Испытательная лаборатория⚡ЭКБ ТЕСТ,ЭКБ ТЕСТ — надёжный партнёр для вашего бизнеса. Комплексные решения в микроэлектронике. Адекватные цены на многополюсные разъёмы ЕТ-РБМ4. Разумные сроки. Индивидуальный подход.,Разъёмы ЭКБ ТЕСТ,razyomy_section_1
razyomy_15,Разъём многополюсный ЕТ-СНО49,razyom-mnogopolyusnyj-et-sno49,Y,1600,,html,"ЕТ-СНО49, ЕТ-СНО50.png",,html,"ЕТ-СНО49, ЕТ-СНО50.png",ЭКБ ТЕСТ,ЕТ-СНО49,2,64,-60, `+155,700,500,,,,,,,,,,Разъём многополюсный \ бортовая аппаратура,,,razyomy_44,Разъём многополюсный ЕТ-СНО49,Разъём многополюсный ЕТ-СНО49⚡Изготовление на заказ ✔ pin-to-pin / функциональные замены⚡Испытательная лаборатория⚡ЭКБ ТЕСТ,ЭКБ ТЕСТ — надёжный партнёр для вашего бизнеса. Комплексные решения в микроэлектронике. Адекватные цены на многополюсные разъёмы ЕТ-СНО49. Разумные сроки. Индивидуальный подход.,Разъёмы ЭКБ ТЕСТ,razyomy_section_1
razyomy_16,Разъём многополюсный ЕТ-СНО50,razyom-mnogopolyusnyj-et-sno50,Y,1700,,html,"ЕТ-СНО49, ЕТ-СНО50.png",,html,"ЕТ-СНО49, ЕТ-СНО50.png",ЭКБ ТЕСТ,ЕТ-СНО50,2,64,-60, `+155,700,500,,,,,,,,,,Разъём многополюсный \ бортовая аппаратура,,,razyomy_44,Разъём многополюсный ЕТ-СНО50,Разъём многополюсный ЕТ-СНО50⚡Изготовление на заказ ✔ pin-to-pin / функциональные замены⚡Испытательная лаборатория⚡ЭКБ ТЕСТ,ЭКБ ТЕСТ — надёжный партнёр для вашего бизнеса. Комплексные решения в микроэлектронике. Адекватные цены на многополюсные разъёмы ЕТ-СНО50. Разумные сроки. Индивидуальный подход.,Разъёмы ЭКБ ТЕСТ,razyomy_section_1
razyomy_17,Разъём многополюсный ЕТ-СНЦ23,razyom-mnogopolyusnyj-et-snc23,Y,1800,,html,"ЕТ-СНЦ23, ЕТ-СНЦ28.png",,html,"ЕТ-СНЦ23, ЕТ-СНЦ28.png",ЭКБ ТЕСТ,ЕТ-СНЦ23,10,102,-60, `+85,140,250,,,,,,,,,,Разъём многополюсный \ бортовая аппаратура,,,razyomy_37,Разъём многополюсный ЕТ-СНЦ23,Разъём многополюсный ЕТ-СНЦ23⚡Изготовление на заказ ✔ pin-to-pin / функциональные замены⚡Испытательная лаборатория⚡ЭКБ ТЕСТ,ЭКБ ТЕСТ — надёжный партнёр для вашего бизнеса. Комплексные решения в микроэлектронике. Адекватные цены на многополюсные разъёмы ЕТ-СНЦ23. Разумные сроки. Индивидуальный подход.,Разъёмы ЭКБ ТЕСТ,razyomy_section_1
razyomy_18,Разъём многополюсный ЕТ-СНЦ28,razyom-mnogopolyusnyj-et-snc28,Y,1900,,html,"ЕТ-СНЦ23, ЕТ-СНЦ28.png",,html,"ЕТ-СНЦ23, ЕТ-СНЦ28.png",ЭКБ ТЕСТ,ЕТ-СНЦ28,10,102,-60, `+85,140,250,,,,,,,,,,Разъём многополюсный \ бортовая аппаратура,,,razyomy_37,Разъём многополюсный ЕТ-СНЦ28,Разъём многополюсный ЕТ-СНЦ28⚡Изготовление на заказ ✔ pin-to-pin / функциональные замены⚡Испытательная лаборатория⚡ЭКБ ТЕСТ,ЭКБ ТЕСТ — надёжный партнёр для вашего бизнеса. Комплексные решения в микроэлектронике. Адекватные цены на многополюсные разъёмы ЕТ-СНЦ28. Разумные сроки. Индивидуальный подход.,Разъёмы ЭКБ ТЕСТ,razyomy_section_1
razyomy_19,Разъём многополюсный ЕТ-РП16,razyom-mnogopolyusnyj-et-rp16,Y,2000,,html,ЕТ-РП16.png,,html,ЕТ-РП16.png,ЭКБ ТЕСТ,ЕТ-РП16,4,55,-60, `+100,700,1000,,,,,,,,,,Разъём многополюсный \ бортовая аппаратура,,,razyomy_48,Разъём многополюсный ЕТ-РП16,Разъём многополюсный ЕТ-РП16⚡Изготовление на заказ ✔ pin-to-pin / функциональные замены⚡Испытательная лаборатория⚡ЭКБ ТЕСТ,ЭКБ ТЕСТ — надёжный партнёр для вашего бизнеса. Комплексные решения в микроэлектронике. Адекватные цены на многополюсные разъёмы ЕТ-РП16. Разумные сроки. Индивидуальный подход.,Разъёмы ЭКБ ТЕСТ,razyomy_section_1
razyomy_20,Разъём многополюсный ЕТ-2РМ,razyom-mnogopolyusnyj-et-2rm,Y,2100,,html,"ЕТ-2РМ, ЕТ-2РМД.png",,html,"ЕТ-2РМ, ЕТ-2РМД.png",ЭКБ ТЕСТ,ЕТ-2РМ,4,55,-60, `+100,560,1000,,,,,,,,,,Разъём многополюсный \ бортовая аппаратура,,,razyomy_49,Разъём многополюсный ЕТ-2РМ,Разъём многополюсный ЕТ-2РМ⚡Изготовление на заказ ✔ pin-to-pin / функциональные замены⚡Испытательная лаборатория⚡ЭКБ ТЕСТ,ЭКБ ТЕСТ — надёжный партнёр для вашего бизнеса. Комплексные решения в микроэлектронике. Адекватные цены на многополюсные разъёмы ЕТ-2РМ. Разумные сроки. Индивидуальный подход.,Разъёмы ЭКБ ТЕСТ,razyomy_section_1
razyomy_21,Разъём многополюсный ЕТ-2РМД,razyom-mnogopolyusnyj-et-2rmd,Y,2200,,html,"ЕТ-2РМ, ЕТ-2РМД.png",,html,"ЕТ-2РМ, ЕТ-2РМД.png",ЭКБ ТЕСТ,ЕТ-2РМД,4,55,-60, `+100,560,1000,,,,,,,,,,Разъём многополюсный \ бортовая аппаратура,,,razyomy_50,Разъём многополюсный ЕТ-2РМД,Разъём многополюсный ЕТ-2РМД⚡Изготовление на заказ ✔ pin-to-pin / функциональные замены⚡Испытательная лаборатория⚡ЭКБ ТЕСТ,ЭКБ ТЕСТ — надёжный партнёр для вашего бизнеса. Комплексные решения в микроэлектронике. Адекватные цены на многополюсные разъёмы ЕТ-2РМД. Разумные сроки. Индивидуальный подход.,Разъёмы ЭКБ ТЕСТ,razyomy_section_1
razyomy_22,Разъём многополюсный ЕТ-РС10,razyom-mnogopolyusnyj-et-rs10,Y,2300,,html,ЕТ-РС10.png,,html,ЕТ-РС10.png,ЭКБ ТЕСТ,ЕТ-РС10,2,64,-60, `+155,700,500,,,,,,,,ТКЕС.434410.002ТУ,ТКЕС.434410.001,Разъём многополюсный \ бортовая аппаратура,"ЕТ-РС10 (2).png, ЕТ-РС10 (3)).png",ARC70A ЭКБ ТЕСТ.pdf,razyomy_51####razyomy_56,Разъём многополюсный ЕТ-РС10,Разъём многополюсный ЕТ-РС10⚡Изготовление на заказ ✔ pin-to-pin / функциональные замены⚡Испытательная лаборатория⚡ЭКБ ТЕСТ,ЭКБ ТЕСТ — надёжный партнёр для вашего бизнеса. Комплексные решения в микроэлектронике. Адекватные цены на многополюсные разъёмы ЕТ-РС10. Разумные сроки. Индивидуальный подход.,Разъёмы ЭКБ ТЕСТ,razyomy_section_1
razyomy_23,Разъём многополюсный ЕТ-СНП34,razyom-mnogopolyusnyj-et-snp34,Y,2400,,html,ЕТ-СНП34.png,,html,ЕТ-СНП34.png,ЭКБ ТЕСТ,ЕТ-СНП34,10,102,-60, `+85,140,250,,,,,,,,,,Разъём многополюсный \ бортовая аппаратура,,,razyomy_52,Разъём многополюсный ЕТ-СНП34,Разъём многополюсный ЕТ-СНП34⚡Изготовление на заказ ✔ pin-to-pin / функциональные замены⚡Испытательная лаборатория⚡ЭКБ ТЕСТ,ЭКБ ТЕСТ — надёжный партнёр для вашего бизнеса. Комплексные решения в микроэлектронике. Адекватные цены на многополюсные разъёмы ЕТ-СНП34. Разумные сроки. Индивидуальный подход.,Разъёмы ЭКБ ТЕСТ,razyomy_section_1
razyomy_24,Разъём ВЧ ЕТ-СР,razyom-vch-et-sr,Y,2500,,html,ЕТ-СР.png,,html,ЕТ-СР.png,ЭКБ ТЕСТ,ЕТ-СР,,,-60, `+155,500,,"0,01",1000,"50,75","1,15","1,3",5000,1000,,,Разъём ВЧ\ бортовая аппаратура,,,razyomy_53,Разъём ВЧ ЕТ-СР,Разъём ВЧ ЕТ-СР⚡Изготовление на заказ ✔ pin-to-pin / функциональные замены⚡Испытательная лаборатория⚡ЭКБ ТЕСТ,ЭКБ ТЕСТ — надёжный партнёр для вашего бизнеса. Комплексные решения в микроэлектронике. Адекватные цены на разъёмы ВЧ ЕТ-СР. Разумные сроки. Индивидуальный подход.,Разъёмы ЭКБ ТЕСТ,razyomy_section_1
razyomy_25,Разъём многополюсный ЕТ-2РМ-2,razyom-mnogopolyusnyj-et-2rm-2,Y,2600,,html,"ЕТ-2РМ, ЕТ-2РМД (2).png",,html,"ЕТ-2РМ, ЕТ-2РМД (2).png",ЭКБ ТЕСТ,ЕТ-2РМ-2,4,55,-60, `+100,560,1000,,,,,,,,,,Разъём многополюсный \ бортовая аппаратура,,,razyomy_49,Разъём многополюсный ЕТ-2РМ-2,Разъём многополюсный ЕТ-2РМ-2⚡Изготовление на заказ ✔ pin-to-pin / функциональные замены⚡Испытательная лаборатория⚡ЭКБ ТЕСТ,ЭКБ ТЕСТ — надёжный партнёр для вашего бизнеса. Комплексные решения в микроэлектронике. Адекватные цены на многополюсные разъёмы ЕТ-2РМ-2. Разумные сроки. Индивидуальный подход.,Разъёмы ЭКБ ТЕСТ,razyomy_section_1
razyomy_26,Разъём многополюсный ЕТ-2РМД-2,razyom-mnogopolyusnyj-et-2rmd-2,Y,2700,,html,"ЕТ-2РМ, ЕТ-2РМД (2).png",,html,"ЕТ-2РМ, ЕТ-2РМД (2).png",ЭКБ ТЕСТ,ЕТ-2РМД-2,4,55,-60, `+100,560,1000,,,,,,,,,,Разъём многополюсный \ бортовая аппаратура,,,razyomy_50,Разъём многополюсный ЕТ-2РМД-2,Разъём многополюсный ЕТ-2РМД-2⚡Изготовление на заказ ✔ pin-to-pin / функциональные замены⚡Испытательная лаборатория⚡ЭКБ ТЕСТ,ЭКБ ТЕСТ — надёжный партнёр для вашего бизнеса. Комплексные решения в микроэлектронике. Адекватные цены на многополюсные разъёмы ЕТ-2РМД-2. Разумные сроки. Индивидуальный подход.,Разъёмы ЭКБ ТЕСТ,razyomy_section_1
razyomy_27,Разъём многополюсный ЕТ-РС10,razyom-mnogopolyusnyj-et-rs10,Y,2800,,html,"ЕТ-РС10 (2).png, ЕТ-РС10 (3)).png",,html,"ЕТ-РС10 (2).png, ЕТ-РС10 (3)).png",ЭКБ ТЕСТ,ЕТ-РС10,2,64,-60, `+155,700,500,,,,,,,,,,Разъём многополюсный \ бортовая аппаратура,,,razyomy_56,Разъём многополюсный ЕТ-РС10,Разъём многополюсный ЕТ-РС10⚡Изготовление на заказ ✔ pin-to-pin / функциональные замены⚡Испытательная лаборатория⚡ЭКБ ТЕСТ,ЭКБ ТЕСТ — надёжный партнёр для вашего бизнеса. Комплексные решения в микроэлектронике. Адекватные цены на многополюсные разъёмы ЕТ-РС10. Разумные сроки. Индивидуальный подход.,Разъёмы ЭКБ ТЕСТ,razyomy_section_1
razyomy_28,Разъём многополюсный ЕТ-СНП34-2,razyom-mnogopolyusnyj-et-snp34-2,Y,2900,,html,ЕТ-СНП34 (1).png,,html,ЕТ-СНП34 (1).png,ЭКБ ТЕСТ,ЕТ-СНП34-2,10,102,-60, `+85,140,250,,,,,,,,,,Разъём многополюсный \ бортовая аппаратура,,,razyomy_57,Разъём многополюсный ЕТ-СНП34-2,Разъём многополюсный ЕТ-СНП34-2⚡Изготовление на заказ ✔ pin-to-pin / функциональные замены⚡Испытательная лаборатория⚡ЭКБ ТЕСТ,ЭКБ ТЕСТ — надёжный партнёр для вашего бизнеса. Комплексные решения в микроэлектронике. Адекватные цены на многополюсные разъёмы ЕТ-СНП34-2. Разумные сроки. Индивидуальный подход.,Разъёмы ЭКБ ТЕСТ,razyomy_section_1
razyomy_29,Разъём многополюсный ЕТ-СР,razyom-mnogopolyusnyj-et-sr,Y,3000,,html,ЕТ-СР (2).png,,html,ЕТ-СР (2).png,ЭКБ ТЕСТ,ЕТ-СР,,,-60, `+155,500,,"0,01",1000,"50,75","1,15","1,3",5000,1000,,,Разъём многополюсный \ бортовая аппаратура,,,razyomy_58,Разъём многополюсный ЕТ-СР,Разъём многополюсный ЕТ-СР⚡Изготовление на заказ ✔ pin-to-pin / функциональные замены⚡Испытательная лаборатория⚡ЭКБ ТЕСТ,ЭКБ ТЕСТ — надёжный партнёр для вашего бизнеса. Комплексные решения в микроэлектронике. Адекватные цены на многополюсные разъёмы ЕТ-СР. Разумные сроки. Индивидуальный подход.,Разъёмы ЭКБ ТЕСТ,razyomy_section_1
razyomy_30,Разъём многополюсный ЕТ-РС19,razyom-mnogopolyusnyj-et-rs19,Y,3100,,html,ЕТ-РС19.png,,html,ЕТ-РС19.png,ЭКБ ТЕСТ,ЕТ-РС19,4,50,-60, `+85,200,250,,,,,,,,,,Разъём многополюсный \ бортовая аппаратура,,,razyomy_59,Разъём многополюсный ЕТ-РС19,Разъём многополюсный ЕТ-РС19⚡Изготовление на заказ ✔ pin-to-pin / функциональные замены⚡Испытательная лаборатория⚡ЭКБ ТЕСТ,ЭКБ ТЕСТ — надёжный партнёр для вашего бизнеса. Комплексные решения в микроэлектронике. Адекватные цены на многополюсные разъёмы ЕТ-РС19. Разумные сроки. Индивидуальный подход.,Разъёмы ЭКБ ТЕСТ,razyomy_section_1
razyomy_31,Разъём многополюсный СНЦ13,razyom-mnogopolyusnyj-snc13,Y,3200,<p>«ЭКБ ТЕСТ» — надёжный партнёр для вашего бизнеса. Комплексные решения в микроэлектронике. Адекватные цены на производство разъёмов. Полные «PIN-TO-PIN» и функциональные замены. Разумные сроки. Индивидуальный подход.</p>,html,"СНЦ 13, 14, 42.png",<p>«ЭКБ ТЕСТ» — надёжный партнёр для вашего бизнеса. Комплексные решения в микроэлектронике. Адекватные цены на производство разъёмов. Полные «PIN-TO-PIN» и функциональные замены. Разумные сроки. Индивидуальный подход.</p>,html,"СНЦ 13, 14, 42.png","АО ""Завод ЭЛЕКОН""",СНЦ13,,,,,,,,,,,,,,,,,,,razyomy_2,,,,PIN-TO-PIN и функциональные замены разъёмов других производителей,razyomy_section_2
razyomy_32,Разъём многополюсный СНЦ14,razyom-mnogopolyusnyj-snc14,Y,3300,<p>«ЭКБ ТЕСТ» — надёжный партнёр для вашего бизнеса. Комплексные решения в микроэлектронике. Адекватные цены на производство разъёмов. Полные «PIN-TO-PIN» и функциональные замены. Разумные сроки. Индивидуальный подход.</p>,html,"СНЦ 13, 14, 42.png",<p>«ЭКБ ТЕСТ» — надёжный партнёр для вашего бизнеса. Комплексные решения в микроэлектронике. Адекватные цены на производство разъёмов. Полные «PIN-TO-PIN» и функциональные замены. Разумные сроки. Индивидуальный подход.</p>,html,"СНЦ 13, 14, 42.png","АО ""Завод ЭЛЕКОН""",СНЦ14,,,,,,,,,,,,,,,,,,,razyomy_3,,,,PIN-TO-PIN и функциональные замены разъёмов других производителей,razyomy_section_2
razyomy_33,Разъём многополюсный СНЦ43,razyom-mnogopolyusnyj-snc43,Y,3400,<p>«ЭКБ ТЕСТ» — надёжный партнёр для вашего бизнеса. Комплексные решения в микроэлектронике. Адекватные цены на производство разъёмов. Полные «PIN-TO-PIN» и функциональные замены. Разумные сроки. Индивидуальный подход.</p>,html,"СНЦ 13, 14, 42.png",<p>«ЭКБ ТЕСТ» — надёжный партнёр для вашего бизнеса. Комплексные решения в микроэлектронике. Адекватные цены на производство разъёмов. Полные «PIN-TO-PIN» и функциональные замены. Разумные сроки. Индивидуальный подход.</p>,html,"СНЦ 13, 14, 42.png","АО ""Завод ЭЛЕКОН""",СНЦ43,,,,,,,,,,,,,,,,,,,razyomy_4,,,,PIN-TO-PIN и функциональные замены разъёмов других производителей,razyomy_section_2
razyomy_34,Разъём многополюсный ШР,razyom-mnogopolyusnyj-shr,Y,3500,<p>«ЭКБ ТЕСТ» — надёжный партнёр для вашего бизнеса. Комплексные решения в микроэлектронике. Адекватные цены на производство разъёмов. Полные «PIN-TO-PIN» и функциональные замены. Разумные сроки. Индивидуальный подход.</p>,html,"ШР, СШР, 2РТТ.png",<p>«ЭКБ ТЕСТ» — надёжный партнёр для вашего бизнеса. Комплексные решения в микроэлектронике. Адекватные цены на производство разъёмов. Полные «PIN-TO-PIN» и функциональные замены. Разумные сроки. Индивидуальный подход.</p>,html,"ШР, СШР, 2РТТ.png","АО ""Завод ЭЛЕКОН"", НПО ""КАСКАД""",ШР,,,,,,,,,,,,,,,,,,,razyomy_5,,,,PIN-TO-PIN и функциональные замены разъёмов других производителей,razyomy_section_2
razyomy_35,Разъём многополюсный СШР,razyom-mnogopolyusnyj-sshr,Y,3600,<p>«ЭКБ ТЕСТ» — надёжный партнёр для вашего бизнеса. Комплексные решения в микроэлектронике. Адекватные цены на производство разъёмов. Полные «PIN-TO-PIN» и функциональные замены. Разумные сроки. Индивидуальный подход.</p>,html,"ШР, СШР, 2РТТ.png",<p>«ЭКБ ТЕСТ» — надёжный партнёр для вашего бизнеса. Комплексные решения в микроэлектронике. Адекватные цены на производство разъёмов. Полные «PIN-TO-PIN» и функциональные замены. Разумные сроки. Индивидуальный подход.</p>,html,"ШР, СШР, 2РТТ.png","АО ""Завод ЭЛЕКОН"", НПО ""КАСКАД""",СШР,,,,,,,,,,,,,,,,,,,razyomy_6,,,,PIN-TO-PIN и функциональные замены разъёмов других производителей,razyomy_section_2
razyomy_36,Разъём многополюсный 2РТТ,razyom-mnogopolyusnyj-2rtt,Y,3700,<p>«ЭКБ ТЕСТ» — надёжный партнёр для вашего бизнеса. Комплексные решения в микроэлектронике. Адекватные цены на производство разъёмов. Полные «PIN-TO-PIN» и функциональные замены. Разумные сроки. Индивидуальный подход.</p>,html,"ШР, СШР, 2РТТ.png",<p>«ЭКБ ТЕСТ» — надёжный партнёр для вашего бизнеса. Комплексные решения в микроэлектронике. Адекватные цены на производство разъёмов. Полные «PIN-TO-PIN» и функциональные замены. Разумные сроки. Индивидуальный подход.</p>,html,"ШР, СШР, 2РТТ.png","АО ""Завод ЭЛЕКОН"", НПО ""КАСКАД""",2РТТ,,,,,,,,,,,,,,,,,,,razyomy_7,,,,PIN-TO-PIN и функциональные замены разъёмов других производителей,razyomy_section_2
razyomy_37,Разъём многополюсный 4РТ,razyom-mnogopolyusnyj-4rt,Y,3800,<p>«ЭКБ ТЕСТ» — надёжный партнёр для вашего бизнеса. Комплексные решения в микроэлектронике. Адекватные цены на производство разъёмов. Полные «PIN-TO-PIN» и функциональные замены. Разумные сроки. Индивидуальный подход.</p>,html,4РТ.png,<p>«ЭКБ ТЕСТ» — надёжный партнёр для вашего бизнеса. Комплексные решения в микроэлектронике. Адекватные цены на производство разъёмов. Полные «PIN-TO-PIN» и функциональные замены. Разумные сроки. Индивидуальный подход.</p>,html,4РТ.png,"АО ""Завод ЭЛЕКОН""",4РТ,,,,,,,,,,,,,,,,,4РТ (2).png,,razyomy_8####razyomy_9####razyomy_10####razyomy_17####razyomy_18,,,,PIN-TO-PIN и функциональные замены разъёмов других производителей,razyomy_section_2
razyomy_38,Разъём многополюсный 4РТ,razyom-mnogopolyusnyj-4rt,Y,3900,<p>«ЭКБ ТЕСТ» — надёжный партнёр для вашего бизнеса. Комплексные решения в микроэлектронике. Адекватные цены на производство разъёмов. Полные «PIN-TO-PIN» и функциональные замены. Разумные сроки. Индивидуальный подход.</p>,html,4РТ.png,<p>«ЭКБ ТЕСТ» — надёжный партнёр для вашего бизнеса. Комплексные решения в микроэлектронике. Адекватные цены на производство разъёмов. Полные «PIN-TO-PIN» и функциональные замены. Разумные сроки. Индивидуальный подход.</p>,html,4РТ.png,"АО ""Завод ЭЛЕКОН""",4РТ,,,,,,,,,,,,,,,,,,,razyomy_9,,,,PIN-TO-PIN и функциональные замены разъёмов других производителей,razyomy_section_2
razyomy_39,Разъём многополюсный 4РТ,razyom-mnogopolyusnyj-4rt,Y,4000,<p>«ЭКБ ТЕСТ» — надёжный партнёр для вашего бизнеса. Комплексные решения в микроэлектронике. Адекватные цены на производство разъёмов. Полные «PIN-TO-PIN» и функциональные замены. Разумные сроки. Индивидуальный подход.</p>,html,4РТ.png,<p>«ЭКБ ТЕСТ» — надёжный партнёр для вашего бизнеса. Комплексные решения в микроэлектронике. Адекватные цены на производство разъёмов. Полные «PIN-TO-PIN» и функциональные замены. Разумные сроки. Индивидуальный подход.</p>,html,4РТ.png,"АО ""Завод ЭЛЕКОН""",4РТ,,,,,,,,,,,,,,,,,,,razyomy_10,,,,PIN-TO-PIN и функциональные замены разъёмов других производителей,razyomy_section_2
razyomy_40,"Разъём многополюсный РВН1, РВН2, РВН3",razyom-mnogopolyusnyj-rvn1-rvn2-rvn3,Y,4100,<p>«ЭКБ ТЕСТ» — надёжный партнёр для вашего бизнеса. Комплексные решения в микроэлектронике. Адекватные цены на производство разъёмов. Полные «PIN-TO-PIN» и функциональные замены. Разумные сроки. Индивидуальный подход.</p>,html,"РВН1, РВН2, РВН3.png",<p>«ЭКБ ТЕСТ» — надёжный партнёр для вашего бизнеса. Комплексные решения в микроэлектронике. Адекватные цены на производство разъёмов. Полные «PIN-TO-PIN» и функциональные замены. Разумные сроки. Индивидуальный подход.</p>,html,"РВН1, РВН2, РВН3.png","АО ""Завод ЭЛЕКОН"", НПО ""КАСКАД""","РВН1, РВН2, РВН3",,,,,,,,,,,,,,,,,,,razyomy_11,,,,PIN-TO-PIN и функциональные замены разъёмов других производителей,razyomy_section_2
razyomy_41,"Разъём многополюсный РВН1, РВН2, РВН4",razyom-mnogopolyusnyj-rvn1-rvn2-rvn4,Y,4200,<p>«ЭКБ ТЕСТ» — надёжный партнёр для вашего бизнеса. Комплексные решения в микроэлектронике. Адекватные цены на производство разъёмов. Полные «PIN-TO-PIN» и функциональные замены. Разумные сроки. Индивидуальный подход.</p>,html,"РВН1, РВН2, РВН3.png",<p>«ЭКБ ТЕСТ» — надёжный партнёр для вашего бизнеса. Комплексные решения в микроэлектронике. Адекватные цены на производство разъёмов. Полные «PIN-TO-PIN» и функциональные замены. Разумные сроки. Индивидуальный подход.</p>,html,"РВН1, РВН2, РВН3.png","АО ""Завод ЭЛЕКОН"", НПО ""КАСКАД""","РВН1, РВН2, РВН4",,,,,,,,,,,,,,,,,,,razyomy_12,,,,PIN-TO-PIN и функциональные замены разъёмов других производителей,razyomy_section_2
razyomy_42,"Разъём многополюсный РВН1, РВН2, РВН5",razyom-mnogopolyusnyj-rvn1-rvn2-rvn5,Y,4300,<p>«ЭКБ ТЕСТ» — надёжный партнёр для вашего бизнеса. Комплексные решения в микроэлектронике. Адекватные цены на производство разъёмов. Полные «PIN-TO-PIN» и функциональные замены. Разумные сроки. Индивидуальный подход.</p>,html,"РВН1, РВН2, РВН3.png",<p>«ЭКБ ТЕСТ» — надёжный партнёр для вашего бизнеса. Комплексные решения в микроэлектронике. Адекватные цены на производство разъёмов. Полные «PIN-TO-PIN» и функциональные замены. Разумные сроки. Индивидуальный подход.</p>,html,"РВН1, РВН2, РВН3.png","АО ""Завод ЭЛЕКОН"", НПО ""КАСКАД""","РВН1, РВН2, РВН5",,,,,,,,,,,,,,,,,,,razyomy_13,,,,PIN-TO-PIN и функциональные замены разъёмов других производителей,razyomy_section_2
razyomy_43,Разъём многополюсный РБМ-4,razyom-mnogopolyusnyj-rbm-4,Y,4400,<p>«ЭКБ ТЕСТ» — надёжный партнёр для вашего бизнеса. Комплексные решения в микроэлектронике. Адекватные цены на производство разъёмов. Полные «PIN-TO-PIN» и функциональные замены. Разумные сроки. Индивидуальный подход.</p>,html,РБМ4.png,<p>«ЭКБ ТЕСТ» — надёжный партнёр для вашего бизнеса. Комплексные решения в микроэлектронике. Адекватные цены на производство разъёмов. Полные «PIN-TO-PIN» и функциональные замены. Разумные сроки. Индивидуальный подход.</p>,html,РБМ4.png,"АО ""Завод ЭЛЕКОН""",РБМ-4,,,,,,,,,,,,,,,,,,,razyomy_14,,,,PIN-TO-PIN и функциональные замены разъёмов других производителей,razyomy_section_2
razyomy_44,"Разъём многополюсный ШР, СШР, 2РТТ",razyom-mnogopolyusnyj-shr-sshr-2rtt,Y,4500,<p>«ЭКБ ТЕСТ» — надёжный партнёр для вашего бизнеса. Комплексные решения в микроэлектронике. Адекватные цены на производство разъёмов. Полные «PIN-TO-PIN» и функциональные замены. Разумные сроки. Индивидуальный подход.</p>,html,"ШР, СШР, 2РТТ (2).png",<p>«ЭКБ ТЕСТ» — надёжный партнёр для вашего бизнеса. Комплексные решения в микроэлектронике. Адекватные цены на производство разъёмов. Полные «PIN-TO-PIN» и функциональные замены. Разумные сроки. Индивидуальный подход.</p>,html,"ШР, СШР, 2РТТ (2).png","ОАО ""ЗАВОД ""ИСЕТЬ""""","ШР, СШР, 2РТТ",,,,,,,,,,,,,,,,,,,razyomy_15####razyomy_16,,,,PIN-TO-PIN и функциональные замены разъёмов других производителей,razyomy_section_2
razyomy_45,"Разъём многополюсный ШР, СШР, 2РТТ",razyom-mnogopolyusnyj-shr-sshr-2rtt,Y,4600,<p>«ЭКБ ТЕСТ» — надёжный партнёр для вашего бизнеса. Комплексные решения в микроэлектронике. Адекватные цены на производство разъёмов. Полные «PIN-TO-PIN» и функциональные замены. Разумные сроки. Индивидуальный подход.</p>,html,"ШР, СШР, 2РТТ (2).png",<p>«ЭКБ ТЕСТ» — надёжный партнёр для вашего бизнеса. Комплексные решения в микроэлектронике. Адекватные цены на производство разъёмов. Полные «PIN-TO-PIN» и функциональные замены. Разумные сроки. Индивидуальный подход.</p>,html,"ШР, СШР, 2РТТ (2).png","ОАО ""ЗАВОД ""ИСЕТЬ""""","ШР, СШР, 2РТТ",,,,,,,,,,,,,,,,,,,razyomy_16,,,,PIN-TO-PIN и функциональные замены разъёмов других производителей,razyomy_section_2
razyomy_46,Разъём многополюсный 4РТ,razyom-mnogopolyusnyj-4rt,Y,4700,<p>«ЭКБ ТЕСТ» — надёжный партнёр для вашего бизнеса. Комплексные решения в микроэлектронике. Адекватные цены на производство разъёмов. Полные «PIN-TO-PIN» и функциональные замены. Разумные сроки. Индивидуальный подход.</p>,html,4РТ (2).png,<p>«ЭКБ ТЕСТ» — надёжный партнёр для вашего бизнеса. Комплексные решения в микроэлектронике. Адекватные цены на производство разъёмов. Полные «PIN-TO-PIN» и функциональные замены. Разумные сроки. Индивидуальный подход.</p>,html,4РТ (2).png,"АО ""Завод ЭЛЕКОН""",4РТ,,,,,,,,,,,,,,,,,,,razyomy_17,,,,PIN-TO-PIN и функциональные замены разъёмов других производителей,razyomy_section_2
razyomy_47,Разъём многополюсный 4РТ,razyom-mnogopolyusnyj-4rt,Y,4800,<p>«ЭКБ ТЕСТ» — надёжный партнёр для вашего бизнеса. Комплексные решения в микроэлектронике. Адекватные цены на производство разъёмов. Полные «PIN-TO-PIN» и функциональные замены. Разумные сроки. Индивидуальный подход.</p>,html,4РТ (2).png,<p>«ЭКБ ТЕСТ» — надёжный партнёр для вашего бизнеса. Комплексные решения в микроэлектронике. Адекватные цены на производство разъёмов. Полные «PIN-TO-PIN» и функциональные замены. Разумные сроки. Индивидуальный подход.</p>,html,4РТ (2).png,"АО ""Завод ЭЛЕКОН""",4РТ,,,,,,,,,,,,,,,,,,,razyomy_18,,,,PIN-TO-PIN и функциональные замены разъёмов других производителей,razyomy_section_2
razyomy_48,Разъём многополюсный РП15,razyom-mnogopolyusnyj-rp15,Y,4900,<p>«ЭКБ ТЕСТ» — надёжный партнёр для вашего бизнеса. Комплексные решения в микроэлектронике. Адекватные цены на производство разъёмов. Полные «PIN-TO-PIN» и функциональные замены. Разумные сроки. Индивидуальный подход.</p>,html,РП15.png,<p>«ЭКБ ТЕСТ» — надёжный партнёр для вашего бизнеса. Комплексные решения в микроэлектронике. Адекватные цены на производство разъёмов. Полные «PIN-TO-PIN» и функциональные замены. Разумные сроки. Индивидуальный подход.</p>,html,РП15.png,"ПАО ""ЗАВОД АТЛАНТ""",РП15,,,,,,,,,,,,,,,,,,,razyomy_19,,,,PIN-TO-PIN и функциональные замены разъёмов других производителей,razyomy_section_2
razyomy_49,Разъём многополюсный 2РМ,razyom-mnogopolyusnyj-2rm,Y,5000,<p>«ЭКБ ТЕСТ» — надёжный партнёр для вашего бизнеса. Комплексные решения в микроэлектронике. Адекватные цены на производство разъёмов. Полные «PIN-TO-PIN» и функциональные замены. Разумные сроки. Индивидуальный подход.</p>,html,"2РМ, 2РМД.png",<p>«ЭКБ ТЕСТ» — надёжный партнёр для вашего бизнеса. Комплексные решения в микроэлектронике. Адекватные цены на производство разъёмов. Полные «PIN-TO-PIN» и функциональные замены. Разумные сроки. Индивидуальный подход.</p>,html,"2РМ, 2РМД.png","АО ""Завод ЭЛЕКОН""",2РМ,,,,,,,,,,,,,,,,,"2РМ, 2РМД (2).png",,razyomy_20####razyomy_25,,,,PIN-TO-PIN и функциональные замены разъёмов других производителей,razyomy_section_2
razyomy_50,Разъём многополюсный 2РМД,razyom-mnogopolyusnyj-2rmd,Y,5100,<p>«ЭКБ ТЕСТ» — надёжный партнёр для вашего бизнеса. Комплексные решения в микроэлектронике. Адекватные цены на производство разъёмов. Полные «PIN-TO-PIN» и функциональные замены. Разумные сроки. Индивидуальный подход.</p>,html,"2РМ, 2РМД.png",<p>«ЭКБ ТЕСТ» — надёжный партнёр для вашего бизнеса. Комплексные решения в микроэлектронике. Адекватные цены на производство разъёмов. Полные «PIN-TO-PIN» и функциональные замены. Разумные сроки. Индивидуальный подход.</p>,html,"2РМ, 2РМД.png","АО ""Завод ЭЛЕКОН""",2РМД,,,,,,,,,,,,,,,,,"2РМ, 2РМД (2).png",,razyomy_21####razyomy_26,,,,PIN-TO-PIN и функциональные замены разъёмов других производителей,razyomy_section_2
razyomy_51,Разъём многополюсный РС10,razyom-mnogopolyusnyj-rs10,Y,5200,<p>«ЭКБ ТЕСТ» — надёжный партнёр для вашего бизнеса. Комплексные решения в микроэлектронике. Адекватные цены на производство разъёмов. Полные «PIN-TO-PIN» и функциональные замены. Разумные сроки. Индивидуальный подход.</p>,html,РС10.png,<p>«ЭКБ ТЕСТ» — надёжный партнёр для вашего бизнеса. Комплексные решения в микроэлектронике. Адекватные цены на производство разъёмов. Полные «PIN-TO-PIN» и функциональные замены. Разумные сроки. Индивидуальный подход.</p>,html,РС10.png,"АО ""ЗАВОД ""КОПИР""""",РС10,,,,,,,,,,,,,,,,,,,razyomy_22,,,,PIN-TO-PIN и функциональные замены разъёмов других производителей,razyomy_section_2
razyomy_52,Разъём многополюсный СНП34,razyom-mnogopolyusnyj-snp34,Y,5300,<p>«ЭКБ ТЕСТ» — надёжный партнёр для вашего бизнеса. Комплексные решения в микроэлектронике. Адекватные цены на производство разъёмов. Полные «PIN-TO-PIN» и функциональные замены. Разумные сроки. Индивидуальный подход.</p>,html,СНП34.png,<p>«ЭКБ ТЕСТ» — надёжный партнёр для вашего бизнеса. Комплексные решения в микроэлектронике. Адекватные цены на производство разъёмов. Полные «PIN-TO-PIN» и функциональные замены. Разумные сроки. Индивидуальный подход.</p>,html,СНП34.png,"АО ""Коннектор""",СНП34,,,,,,,,,,,,,,,,,,,razyomy_23,,,,PIN-TO-PIN и функциональные замены разъёмов других производителей,razyomy_section_2
razyomy_53,Разъём ВЧ СР,razyom-vch-sr,Y,5400,<p>«ЭКБ ТЕСТ» — надёжный партнёр для вашего бизнеса. Комплексные решения в микроэлектронике. Адекватные цены на производство разъёмов. Полные «PIN-TO-PIN» и функциональные замены. Разумные сроки. Индивидуальный подход.</p>,html,СР.png,<p>«ЭКБ ТЕСТ» — надёжный партнёр для вашего бизнеса. Комплексные решения в микроэлектронике. Адекватные цены на производство разъёмов. Полные «PIN-TO-PIN» и функциональные замены. Разумные сроки. Индивидуальный подход.</p>,html,СР.png,"ФГУП ПО ""Октябрь""",СР,,,,,,,,,,,,,,,,,,,razyomy_24,,,,PIN-TO-PIN и функциональные замены разъёмов других производителей,razyomy_section_2
razyomy_54,Разъём многополюсный 2РМ,razyom-mnogopolyusnyj-2rm,Y,5500,<p>«ЭКБ ТЕСТ» — надёжный партнёр для вашего бизнеса. Комплексные решения в микроэлектронике. Адекватные цены на производство разъёмов. Полные «PIN-TO-PIN» и функциональные замены. Разумные сроки. Индивидуальный подход.</p>,html,"2РМ, 2РМД (2).png",<p>«ЭКБ ТЕСТ» — надёжный партнёр для вашего бизнеса. Комплексные решения в микроэлектронике. Адекватные цены на производство разъёмов. Полные «PIN-TO-PIN» и функциональные замены. Разумные сроки. Индивидуальный подход.</p>,html,"2РМ, 2РМД (2).png","ПАО ""ЗАВОД АТЛАНТ""",2РМ,,,,,,,,,,,,,,,,,,,razyomy_25,,,,PIN-TO-PIN и функциональные замены разъёмов других производителей,razyomy_section_2
razyomy_55,Разъём многополюсный 2РМД,razyom-mnogopolyusnyj-2rmd,Y,5600,<p>«ЭКБ ТЕСТ» — надёжный партнёр для вашего бизнеса. Комплексные решения в микроэлектронике. Адекватные цены на производство разъёмов. Полные «PIN-TO-PIN» и функциональные замены. Разумные сроки. Индивидуальный подход.</p>,html,"2РМ, 2РМД (2).png",<p>«ЭКБ ТЕСТ» — надёжный партнёр для вашего бизнеса. Комплексные решения в микроэлектронике. Адекватные цены на производство разъёмов. Полные «PIN-TO-PIN» и функциональные замены. Разумные сроки. Индивидуальный подход.</p>,html,"2РМ, 2РМД (2).png","ПАО ""ЗАВОД АТЛАНТ""",2РМД,,,,,,,,,,,,,,,,,,,razyomy_26,,,,PIN-TO-PIN и функциональные замены разъёмов других производителей,razyomy_section_2
razyomy_56,"Разъём многополюсный АЭР-85, АЭР-85М",razyom-mnogopolyusnyj-aehr-85-aehr-85m,Y,5700,<p>«ЭКБ ТЕСТ» — надёжный партнёр для вашего бизнеса. Комплексные решения в микроэлектронике. Адекватные цены на производство разъёмов. Полные «PIN-TO-PIN» и функциональные замены. Разумные сроки. Индивидуальный подход.</p>,html,"АЭР-85, АЭР-85М.png",<p>«ЭКБ ТЕСТ» — надёжный партнёр для вашего бизнеса. Комплексные решения в микроэлектронике. Адекватные цены на производство разъёмов. Полные «PIN-TO-PIN» и функциональные замены. Разумные сроки. Индивидуальный подход.</p>,html,"АЭР-85, АЭР-85М.png","АО ""Завод ЭЛЕКОН""","АЭР-85, АЭР-85М",,,,,,,,,,,,,,,,,,,razyomy_22,,,,PIN-TO-PIN и функциональные замены разъёмов других производителей,razyomy_section_2
razyomy_57,"Разъём многополюсный ОНЦ-БС, ОНЦ-БМ",razyom-mnogopolyusnyj-onc-bs-onc-bm,Y,5800,<p>«ЭКБ ТЕСТ» — надёжный партнёр для вашего бизнеса. Комплексные решения в микроэлектронике. Адекватные цены на производство разъёмов. Полные «PIN-TO-PIN» и функциональные замены. Разумные сроки. Индивидуальный подход.</p>,html,"ОНЦ-БС, ОНЦ-БМ.png",<p>«ЭКБ ТЕСТ» — надёжный партнёр для вашего бизнеса. Комплексные решения в микроэлектронике. Адекватные цены на производство разъёмов. Полные «PIN-TO-PIN» и функциональные замены. Разумные сроки. Индивидуальный подход.</p>,html,"ОНЦ-БС, ОНЦ-БМ.png","АО ""Завод ЭЛЕКОН""","ОНЦ-БС, ОНЦ-БМ",,,,,,,,,,,,,,,,,,,razyomy_28,,,,PIN-TO-PIN и функциональные замены разъёмов других производителей,razyomy_section_2
razyomy_58,Разъём многополюсный СНЦ127,razyom-mnogopolyusnyj-snc127,Y,5900,<p>«ЭКБ ТЕСТ» — надёжный партнёр для вашего бизнеса. Комплексные решения в микроэлектронике. Адекватные цены на производство разъёмов. Полные «PIN-TO-PIN» и функциональные замены. Разумные сроки. Индивидуальный подход.</p>,html,СНЦ127.png,<p>«ЭКБ ТЕСТ» — надёжный партнёр для вашего бизнеса. Комплексные решения в микроэлектронике. Адекватные цены на производство разъёмов. Полные «PIN-TO-PIN» и функциональные замены. Разумные сроки. Индивидуальный подход.</p>,html,СНЦ127.png,"АО ""Завод ЭЛЕКОН""",СНЦ127,,,,,,,,,,,,,,,,,,,razyomy_29,,,,PIN-TO-PIN и функциональные замены разъёмов других производителей,razyomy_section_2
razyomy_59,Разъём многополюсный РС(Г)19,razyom-mnogopolyusnyj-rs-g-19,Y,6000,<p>«ЭКБ ТЕСТ» — надёжный партнёр для вашего бизнеса. Комплексные решения в микроэлектронике. Адекватные цены на производство разъёмов. Полные «PIN-TO-PIN» и функциональные замены. Разумные сроки. Индивидуальный подход.</p>,html,РС(Г)19.png,<p>«ЭКБ ТЕСТ» — надёжный партнёр для вашего бизнеса. Комплексные решения в микроэлектронике. Адекватные цены на производство разъёмов. Полные «PIN-TO-PIN» и функциональные замены. Разумные сроки. Индивидуальный подход.</p>,html,РС(Г)19.png,"АО ""ЗАВОД ""КОПИР""""",РС(Г)19,,,,,,,,,,,,,,,,,,,razyomy_30,,,,PIN-TO-PIN и функциональные замены разъёмов других производителей,razyomy_section_2