Внешний код,Название,Картинка анонса,Активность,Сортировка,Описание,Дополнительные файлы/фото под основным,Фото для галереи секции,Файл презентации,Выводить только на странице Продукция ЭКБ-ТЕСТ,Выводить в списке секций,Для вывода на главной
"Обязательное
razyomy_section_№","Строка
Обязательное
","Файл
","да/нет (галочка)
Варианты значений:
Y
N
","Число
Комментарий:
Шаг 10 или 100","HTML/текст
","Файл
Множественное
","Файл
Множественное
","Файл
Множественное
","да/нет (галочка)
Варианты значений:
Y","да/нет (галочка)
Варианты значений:
Y","да/нет (галочка)
Варианты значений:
Y"
XML_ID,NAME,PICTURE,ACTIVE,SORT,DESCRIPTION,UF_ADDITIONAL_FILES_PHOTOS,UF_SECTION_GALLERY,UF_FILE,SPECIAL,UF_DISPLAY,UF_MAIN
demo_razyomy_section_1,ДЕМО секция,demo_1.jpeg,Y,100,ДЕМО description страницы,demo_1.jpeg####demo_2.jpeg####demo_3.jpeg,demo_1.jpeg####demo_2.jpeg####demo_3.jpeg,demo_1.jpeg####demo_2.jpeg####demo_3.jpeg,,,
razyomy_section_1,Разъёмы ЭКБ ТЕСТ,,Y,200,,,,,,Y,
razyomy_section_2,PIN-TO-PIN и функциональные замены разъёмов других производителей,,Y,300,,,,,,,