Внешний код,Название,Символьный код,Активность,Сортировка,Текст анонса,Тип текста,Картинка анонса,Детальный текст,Тип текста,Детальная картинка,Производитель,Партномер,Тип,Мощность_Вт,Рабочее напряжение_В,Коэффициент усиления_Дб,Граничная частота усиления_до_ГГц,Граничная частота усиления_от_МГц,Граничная частота усиления_до_МГц,Тип корпуса,Размер корпуса с фланцами и выводами_мм_x,Размер корпуса с фланцами и выводами_мм_y,Размер корпуса с фланцами и выводами_мм_z,Размер кристалла_мм_x,Размер кристалла_мм_y,Размер кристалла_Круг,Дополнительные фото,Заменяет,Заголовок h1,title,description,Название секции 1 уровень,Символьный код секции 1 уровень,XML_ID секции 1 уровень
"Обязательное
svch-tranzistory_№","Строка
Обязательное
Высокочастотный транзистор - Граничная частота усиления - Партномер","Строка
","да/нет (галочка)
Варианты значений:
Y
N
","Число
Комментарий:
Шаг 10 или 100","HTML/текст
","Техническое свойство
Варианты заполнения: html или text","Файл
","HTML/текст
","Техническое свойство
Варианты заполнения: html или text","Файл
","Строка
Обязательное
","Строка
","Строка
","Число
","Число
","Строка
","Число
","Число
","Число
","Строка
","Число
","Число
","Число
","Число
","Число
","да/нет (галочка)
Варианты значений:
Y
Комментарий:
для обозначения круга, считаем/показываем диаметр","Файл
Множественное
","Привязка к элементам по XML_ID
Множественное
","Строка
","Строка
","Строка
",Строка,Строка,Привязка по XML_ID
IE_XML_ID,IE_NAME,IE_CODE,IE_ACTIVE,IE_SORT,IE_PREVIEW_TEXT,IE_PREVIEW_TEXT_TYPE,IE_PREVIEW_PICTURE,IE_DETAIL_TEXT,IE_DETAIL_TEXT_TYPE,IE_DETAIL_PICTURE,MANUFACTURER,PARTNUMBER,TYPE,POWER,WORK_VOLTAGE,GAIN,THE_BOUNDARY_FREQUENCY_OF_AMPLIFICATION_TO_THE_GHZ,THE_BOUNDARY_FREQUENCY_OF_AMPLIFICATION_FROM_MHZ,THE_BOUNDARY_FREQUENCY_OF_AMPLIFICATION_TO_MHZ,TYPE_OF_SHELL,BODY_SIZE_X,BODY_SIZE_Y,BODY_SIZE_Z,CRYSTAL_SIZE_X,CRYSTAL_SIZE_Y,CRYSTAL_SIZE_CIRCLE,PHOTOS,REPLACES,H1,TITLE,DESCRIPTION,IC_GROUP0,IC_CODE0,IC_XML_ID0
demo_svch-tranzistory_1,ДЕМО элемент,demo-element,Y,100,"<p>Мы работали с поисковыми системами на всех этапах их становления и прошли путь от обмена ссылками до работы с поведенческим фактором.</p>
<p>За более чем 15 лет работы в различных условиях мы сформировали уникальный ценный опыт. Нам есть о чем вспомнить, однако самые яркие случаи из практики для нас — это вернувшиеся клиенты, которые поработали с другими компаниями и в итоге все-таки выбрали нас.</p>
<p>К нам возвращаются, нас рекомендуют друзьям. И мы делаем все, чтобы оправдывать оказанное доверие.</p>",html,demo_1.jpeg,"<p>Мы работали с поисковыми системами на всех этапах их становления и прошли путь от обмена ссылками до работы с поведенческим фактором.</p>
<p>За более чем 15 лет работы в различных условиях мы сформировали уникальный ценный опыт. Нам есть о чем вспомнить, однако самые яркие случаи из практики для нас — это вернувшиеся клиенты, которые поработали с другими компаниями и в итоге все-таки выбрали нас.</p>
<p>К нам возвращаются, нас рекомендуют друзьям. И мы делаем все, чтобы оправдывать оказанное доверие.</p>",html,demo_1.jpeg,Сайты для SEO,Сайты для SEO,Сайты для SEO,1,1,Сайты для SEO,1,1,1,Сайты для SEO,1,1,1,1,1,Y,demo_1.jpeg####demo_2.jpeg####demo_3.jpeg,element_1####element_2####element_3,ДЕМО заголовок элемента,ДЕМО title страницы,ДЕМО description страницы,ДЕМО Секция 1,demo-svch-tranzistory-section-1,demo_svch-tranzistory_section_1
svch-tranzistory_1,Высокочастотный транзистор 1 ГГц ET1008,vysokochastotnyj-tranzistor-1-ggc-et1008,Y,200,,html,ET1008.png,,html,ET1008.png,ЭКБ ТЕСТ,ET1008,,90,28,18,1,,,"Керамический корпус с фланцами: 2 монтажных отверстия, 4 вывода ",28.95,17.78,4.85,16.51,5.85,,,svch-tranzistory_18,Высокочастотный транзистор 1 ГГц ET1008,Высокочастотный транзистор 1 ГГц ET1008⚡Изготовление на заказ ✔ функциональные замены⚡Испытательная лаборатория⚡ЭКБ ТЕСТ,ЭКБ ТЕСТ — надёжный партнёр для вашего бизнеса. Комплексные решения в микроэлектронике. Адекватные цены на Высокочастотный транзистор 1 ГГц ET1008. Разумные сроки. Индивидуальный подход.,СВЧ-транзисторы LDMOS,svch-tranzistory-ldmos,svch-tranzistory_section_3
svch-tranzistory_2,"Высокочастотный транзистор 1,5 ГГц ET1006",vysokochastotnyj-tranzistor-1-5-ggc-et1006,Y,300,,html,ET1006.png,,html,ET1006.png,ЭКБ ТЕСТ,ET1006,,70,28,20,"1,5",,,"Керамический корпус с фланцами: 2 монтажных отверстия, 4 вывода",20.30,10.80,4.23,,,,,svch-tranzistory_19####svch-tranzistory_35,"Высокочастотный транзистор 1,5 ГГц ET1006","Высокочастотный транзистор 1,5 ГГц ET1006⚡Изготовление на заказ ✔ функциональные замены⚡Испытательная лаборатория⚡ЭКБ ТЕСТ","ЭКБ ТЕСТ — надёжный партнёр для вашего бизнеса. Комплексные решения в микроэлектронике. Адекватные цены на Высокочастотный транзистор 1,5 ГГц ET1006. Разумные сроки. Индивидуальный подход.",СВЧ-транзисторы LDMOS,svch-tranzistory-ldmos,svch-tranzistory_section_3
svch-tranzistory_3,Высокочастотный транзистор 1 ГГц ET2022,vysokochastotnyj-tranzistor-1-ggc-et2022,Y,400,,html,ET2022.png,,html,ET2022.png,ЭКБ ТЕСТ,ET2022,,50,28,20,1,,,"Керамический корпус с фланцами: 2 монтажных отверстия, 4 вывода ",28.95,17.78,4.85,16.51,5.85,,,svch-tranzistory_20,Высокочастотный транзистор 1 ГГц ET2022,Высокочастотный транзистор 1 ГГц ET2022⚡Изготовление на заказ ✔ функциональные замены⚡Испытательная лаборатория⚡ЭКБ ТЕСТ,ЭКБ ТЕСТ — надёжный партнёр для вашего бизнеса. Комплексные решения в микроэлектронике. Адекватные цены на Высокочастотный транзистор 1 ГГц ET2022. Разумные сроки. Индивидуальный подход.,СВЧ-транзисторы LDMOS,svch-tranzistory-ldmos,svch-tranzistory_section_3
svch-tranzistory_4,Высокочастотный транзистор 250 ГГц ET1028,vysokochastotnyj-tranzistor-250-ggc-et1028,Y,500,,html,ET1028.png,,html,ET1028.png,ЭКБ ТЕСТ,ET1028,,400,28,17,250,,,"Керамический корпус с фланцами: 2 монтажных отверстия, 4 вывода",28.95,17.78,4.85,16.51,5.85,,,svch-tranzistory_21,Высокочастотный транзистор 250 ГГц ET1028,Высокочастотный транзистор 250 ГГц ET1028⚡Изготовление на заказ ✔ функциональные замены⚡Испытательная лаборатория⚡ЭКБ ТЕСТ,ЭКБ ТЕСТ — надёжный партнёр для вашего бизнеса. Комплексные решения в микроэлектронике. Адекватные цены на Высокочастотный транзистор 250 ГГц ET1028. Разумные сроки. Индивидуальный подход.,СВЧ-транзисторы LDMOS,svch-tranzistory-ldmos,svch-tranzistory_section_3
svch-tranzistory_5,Высокочастотный транзистор 1 ГГц ET09100,vysokochastotnyj-tranzistor-1-ggc-et09100,Y,600,,html,ET09100.png,,html,ET09100.png,ЭКБ ТЕСТ,ET09100,,30,"13,6",14,1,,,Пластиковый корпус поверхностного монтажа с контактными площадками,10.00,6.00,2.10,,,,,svch-tranzistory_22,Высокочастотный транзистор 1 ГГц ET09100,Высокочастотный транзистор 1 ГГц ET09100⚡Изготовление на заказ ✔ функциональные замены⚡Испытательная лаборатория⚡ЭКБ ТЕСТ,ЭКБ ТЕСТ — надёжный партнёр для вашего бизнеса. Комплексные решения в микроэлектронике. Адекватные цены на Высокочастотный транзистор 1 ГГц ET09100. Разумные сроки. Индивидуальный подход.,СВЧ-транзисторы LDMOS,svch-tranzistory-ldmos,svch-tranzistory_section_3
svch-tranzistory_6,"Высокочастотный транзистор 2,5 ГГц ET25007",vysokochastotnyj-tranzistor-2-5-ggc-et25007,Y,700,,html,ET25007.png,,html,ET25007.png,ЭКБ ТЕСТ,ET25007,,3,"12,5",17,"2,5",,,Пластиковый корпус поверхностного монтажа с контактными площадками,10.00,6.00,2.10,,,,,svch-tranzistory_23,"Высокочастотный транзистор 2,5 ГГц ET25007","Высокочастотный транзистор 2,5 ГГц ET25007⚡Изготовление на заказ ✔ функциональные замены⚡Испытательная лаборатория⚡ЭКБ ТЕСТ","ЭКБ ТЕСТ — надёжный партнёр для вашего бизнеса. Комплексные решения в микроэлектронике. Адекватные цены на Высокочастотный транзистор 2,5 ГГц ET25007. Разумные сроки. Индивидуальный подход.",СВЧ-транзисторы LDMOS,svch-tranzistory-ldmos,svch-tranzistory_section_3
svch-tranzistory_7,Высокочастотный транзистор 4 ГГц ET6004H,vysokochastotnyj-tranzistor-4-ggc-et6004h,Y,800,,html,ET6004H.png,,html,ET6004H.png,ЭКБ ТЕСТ,ET6004H,,35,28,16,4,,,Керамический корпус с фланцами,14.00,8.13,3.56,5.10,4.10,,,svch-tranzistory_24,Высокочастотный транзистор 4 ГГц ET6004H,Высокочастотный транзистор 4 ГГц ET6004H⚡Изготовление на заказ ✔ функциональные замены⚡Испытательная лаборатория⚡ЭКБ ТЕСТ,ЭКБ ТЕСТ — надёжный партнёр для вашего бизнеса. Комплексные решения в микроэлектронике. Адекватные цены на Высокочастотный транзистор 4 ГГц ET6004H. Разумные сроки. Индивидуальный подход.,СВЧ-транзисторы LDMOS,svch-tranzistory-ldmos,svch-tranzistory_section_3
svch-tranzistory_8,Высокочастотный транзистор 1 ГГц ET0506,vysokochastotnyj-tranzistor-1-ggc-et0506,Y,900,,html,ET0506.png,,html,ET0506.png,ЭКБ ТЕСТ,ET0506,,60,28,19,1,,,Керамический корпус с фланцами,20.32,24.76,6.67,12.00 ,,Y,,svch-tranzistory_25,Высокочастотный транзистор 1 ГГц ET0506,Высокочастотный транзистор 1 ГГц ET0506⚡Изготовление на заказ ✔ функциональные замены⚡Испытательная лаборатория⚡ЭКБ ТЕСТ,ЭКБ ТЕСТ — надёжный партнёр для вашего бизнеса. Комплексные решения в микроэлектронике. Адекватные цены на Высокочастотный транзистор 1 ГГц ET0506. Разумные сроки. Индивидуальный подход.,СВЧ-транзисторы LDMOS,svch-tranzistory-ldmos,svch-tranzistory_section_3
svch-tranzistory_9,"Высокочастотный транзистор 0,5 ГГц ET0520",vysokochastotnyj-tranzistor-0-5-ggc-et0520,Y,1000,,html,ET0520.png,,html,ET0520.png,ЭКБ ТЕСТ,ET0520,,200,50,20,"0,5",,,Керамический корпус с фланцами,20.32,24.76,6.67,12.01,,Y,,svch-tranzistory_26####svch-tranzistory_36,"Высокочастотный транзистор 0,5 ГГц ET0520","Высокочастотный транзистор 0,5 ГГц ET0520⚡Изготовление на заказ ✔ функциональные замены⚡Испытательная лаборатория⚡ЭКБ ТЕСТ","ЭКБ ТЕСТ — надёжный партнёр для вашего бизнеса. Комплексные решения в микроэлектронике. Адекватные цены на Высокочастотный транзистор 0,5 ГГц ET0520. Разумные сроки. Индивидуальный подход.",СВЧ-транзисторы LDMOS,svch-tranzistory-ldmos,svch-tranzistory_section_3
svch-tranzistory_10,Высокочастотный транзистор 1500 МГц ET1503V,vysokochastotnyj-tranzistor-1500-mgc-et1503v,Y,1100,,html,ET1503V.png,,html,ET1503V.png,ЭКБ ТЕСТ,ET1503V,,30,50,28,,,1500,Керамический корпус с фланцами,20.32,24.76,6.67,12.02,,Y,,svch-tranzistory_27,Высокочастотный транзистор 1500 МГц ET1503V,Высокочастотный транзистор 1500 МГц ET1503V,ЭКБ ТЕСТ — надёжный партнёр для вашего бизнеса. Комплексные решения в микроэлектронике. Адекватные цены на Высокочастотный транзистор 1500 МГц ET1503V. Разумные сроки. Индивидуальный подход.,СВЧ-транзисторы LDMOS,svch-tranzistory-ldmos,svch-tranzistory_section_3
svch-tranzistory_11,Высокочастотный транзистор 500 МГц ET0535,vysokochastotnyj-tranzistor-500-mgc-et0535,Y,1200,,html,ET0535.png,,html,ET0535.png,ЭКБ ТЕСТ,ET0535,,300,50,"16,2",,,500,Керамический корпус с фланцами,34.29,20.00,5.80,16.50,5.84,,,svch-tranzistory_28,Высокочастотный транзистор 500 МГц ET0535,Высокочастотный транзистор 500 МГц ET0535,ЭКБ ТЕСТ — надёжный партнёр для вашего бизнеса. Комплексные решения в микроэлектронике. Адекватные цены на Высокочастотный транзистор 500 МГц ET0535. Разумные сроки. Индивидуальный подход.,СВЧ-транзисторы LDMOS,svch-tranzistory-ldmos,svch-tranzistory_section_3
svch-tranzistory_12,Высокочастотный транзистор 2 ГГц ET1001,vysokochastotnyj-tranzistor-2-ggc-et1001,Y,1300,,html,ET1001.png,,html,ET1001.png,ЭКБ ТЕСТ,ET1001,,10,28,23,2,,,Пластиковый корпус поверхностного монтажа SO8 с формованными выводами,7.36,05.08,2.18,,,,,svch-tranzistory_29,Высокочастотный транзистор 2 ГГц ET1001,Высокочастотный транзистор 2 ГГц ET1001⚡Изготовление на заказ ✔ функциональные замены⚡Испытательная лаборатория⚡ЭКБ ТЕСТ,ЭКБ ТЕСТ — надёжный партнёр для вашего бизнеса. Комплексные решения в микроэлектронике. Адекватные цены на Высокочастотный транзистор 2 ГГц ET1001. Разумные сроки. Индивидуальный подход.,СВЧ-транзисторы LDMOS,svch-tranzistory-ldmos,svch-tranzistory_section_3
svch-tranzistory_13,Высокочастотный транзистор 500 МГц ET574F,vysokochastotnyj-tranzistor-500-mgc-et574f,Y,1400,,html,ET574F.png,,html,ET574F.png,ЭКБ ТЕСТ,ET574F,,700,50,"17,7",,,500,Керамический корпус с фланцами,41.15,16.60,4.45,31.25,9.40,,,svch-tranzistory_30,Высокочастотный транзистор 500 МГц ET574F,Высокочастотный транзистор 500 МГц ET574F,ЭКБ ТЕСТ — надёжный партнёр для вашего бизнеса. Комплексные решения в микроэлектронике. Адекватные цены на Высокочастотный транзистор 500 МГц ET574F. Разумные сроки. Индивидуальный подход.,СВЧ-транзисторы LDMOS,svch-tranzistory-ldmos,svch-tranzistory_section_3
svch-tranzistory_14,Высокочастотный транзистор 2 ГГц ET2006C,vysokochastotnyj-tranzistor-2-ggc-et2006c,Y,1500,,html,ET2006C.png,,html,ET2006C.png,ЭКБ ТЕСТ,ET2006C,,24,"12,5",15,2,,,Керамический корпус с фланцами,20.30,10.80,4.23,9.20,5.80,,,svch-tranzistory_31####svch-tranzistory_37,Высокочастотный транзистор 2 ГГц ET2006C,Высокочастотный транзистор 2 ГГц ET2006C⚡Изготовление на заказ ✔ функциональные замены⚡Испытательная лаборатория⚡ЭКБ ТЕСТ,ЭКБ ТЕСТ — надёжный партнёр для вашего бизнеса. Комплексные решения в микроэлектронике. Адекватные цены на Высокочастотный транзистор 2 ГГц ET2006C. Разумные сроки. Индивидуальный подход.,СВЧ-транзисторы LDMOS,svch-tranzistory-ldmos,svch-tranzistory_section_3
svch-tranzistory_15,Высокочастотный транзистор 2 ГГц ETM1001,vysokochastotnyj-tranzistor-2-ggc-etm1001,Y,1600,,html,ETM1001.png,,html,ETM1001.png,ЭКБ ТЕСТ,ETM1001,,10,28,13,2,,,Керамический корпус с фланцами,7.49,5.16,2.34,,,,,svch-tranzistory_32####svch-tranzistory_38,Высокочастотный транзистор 2 ГГц ETM1001,Высокочастотный транзистор 2 ГГц ETM1001⚡Изготовление на заказ ✔ функциональные замены⚡Испытательная лаборатория⚡ЭКБ ТЕСТ,ЭКБ ТЕСТ — надёжный партнёр для вашего бизнеса. Комплексные решения в микроэлектронике. Адекватные цены на Высокочастотный транзистор 2 ГГц ETM1001. Разумные сроки. Индивидуальный подход.,СВЧ-транзисторы LDMOS,svch-tranzistory-ldmos,svch-tranzistory_section_3
svch-tranzistory_16,"Высокочастотный транзистор 2,2 ГГц ET2201N",vysokochastotnyj-tranzistor-2-2-ggc-et2201n,Y,1700,,html,ET2201N.png,,html,ET2201N.png,ЭКБ ТЕСТ,ET2201N,,10,"12,5",14,"2,2",,,Керамический корпус с фланцами,7.49,5.16,2.34,,,,,svch-tranzistory_33,"Высокочастотный транзистор 2,2 ГГц ET2201N","Высокочастотный транзистор 2,2 ГГц ET2201N⚡Изготовление на заказ ✔ функциональные замены⚡Испытательная лаборатория⚡ЭКБ ТЕСТ","ЭКБ ТЕСТ — надёжный партнёр для вашего бизнеса. Комплексные решения в микроэлектронике. Адекватные цены на Высокочастотный транзистор 2,2 ГГц ET2201N. Разумные сроки. Индивидуальный подход.",СВЧ-транзисторы LDMOS,svch-tranzistory-ldmos,svch-tranzistory_section_3
svch-tranzistory_17,Высокочастотный транзистор 700-3500 МГц ET3135,vysokochastotnyj-tranzistor-700-3500-mgc-et3135,Y,1800,,html,ET3135.png,,html,ET3135.png,ЭКБ ТЕСТ,ET3135,,20,28,"от 15,4 до 22,9",,700,3500,Керамический корпус с фланцами,10.29,6.93,3.38,,,,,svch-tranzistory_34,Высокочастотный транзистор 700-3500 МГц ET3135,Высокочастотный транзистор 700-3500 МГц ET3135⚡Изготовление на заказ ✔ функциональные замены⚡Испытательная лаборатория⚡ЭКБ ТЕСТ,ЭКБ ТЕСТ — надёжный партнёр для вашего бизнеса. Комплексные решения в микроэлектронике. Адекватные цены на Высокочастотный транзистор 700-3500 МГц ET3135. Разумные сроки. Индивидуальный подход.,СВЧ-транзисторы LDMOS,svch-tranzistory-ldmos,svch-tranzistory_section_3
svch-tranzistory_18,Высокочастотный транзистор D1008UK,,Y,1900,,html,,,html,D1008UK (SEMELAB).png,SEMELAB,D1008UK,Сдвоенный N-канальный радиочастотный LDMOS с общим истоком,80,28,13,"0,5",,,"Керамический корпус с фланцами: 2 монтажных отверстия, 4 вывода ",24.76,16.51,4.82,12.90,6.47,,,svch-tranzistory_1####svch-tranzistory_2,,,,СВЧ-транзисторы других производителей,svch-tranzistory-drugih-proizvoditelej,svch-tranzistory_section_2
svch-tranzistory_19,Высокочастотный транзистор D2022UK,,Y,2000,,html,,,html,D2022UK (SemeLAB).png,SEMELAB,D2022UK,Сдвоенный N-канальный радиочастотный LDMOS с общим истоком,45,28,13,"0,5",,,"Керамический корпус с фланцами: 2 монтажных отверстия, 4 вывода ",18.90,16.38,05.08,6.35,6.35,,,svch-tranzistory_3,,,,СВЧ-транзисторы других производителей,svch-tranzistory-drugih-proizvoditelej,svch-tranzistory_section_2
svch-tranzistory_20,Высокочастотный транзистор D1028UK,,Y,2100,,html,,,html,D1028UK (SemeLAB).png,SEMELAB,D1028UK,Сдвоенный N-канальный радиочастотный LDMOS с общим истоком,300,28,13,175,,,"Керамический корпус с фланцами: 2 монтажных отверстия, 4 вывода",34.03,19.05,05.08,21.54,10.16,,,svch-tranzistory_4,,,,СВЧ-транзисторы других производителей,svch-tranzistory-drugih-proizvoditelej,svch-tranzistory_section_2
svch-tranzistory_21,Высокочастотный транзистор PD55015-E,,Y,2200,,html,,,html,PD55015-E.png,SEMELAB,PD55015-E ,Сдвоенный LDMOS с общим истоком,15,"12,5",14,1,,,Пластиковый корпус PowerSO-10RF с 2-мя формованными или прямыми выводами,13.85,9.40,3.40,9.30,7.40,,,svch-tranzistory_5,,,,СВЧ-транзисторы других производителей,svch-tranzistory-drugih-proizvoditelej,svch-tranzistory_section_2
svch-tranzistory_22,Высокочастотный транзистор PD55003,,Y,2300,,html,,,html,PD55003.png,STMicroelectronics,PD55003,Радиочастотный N-канальный LDMOS,3,"12,5",17,"0,5",,,Пластиковый корпус PowerSO-10RF с 2-мя формованными или прямыми выводами,13.85,9.40,3.40,9.30,7.40,,,svch-tranzistory_6,,,,СВЧ-транзисторы других производителей,svch-tranzistory-drugih-proizvoditelej,svch-tranzistory_section_2
svch-tranzistory_23,Высокочастотный транзистор NPTB00025,,Y,2400,,html,,,html,NPTB00025.png,STMicroelectronics,NPTB00025,Радиочастотный N-канальный LDMOS,25,28,"13,5",4,,,"Керамический корпус с фланцами: 2 монтажных отверстия, 4 вывода",13.97,8.13,3.10,05.08,04.06,,,svch-tranzistory_7,,,,СВЧ-транзисторы других производителей,svch-tranzistory-drugih-proizvoditelej,svch-tranzistory_section_2
svch-tranzistory_24,Высокочастотный транзистор BLF171A (MRF171A),,Y,2500,,html,,,html,BLF171A.png,MACOM,BLF171A (MRF171A),Нитрид-галлиевый (GaN) радиочастотный HEMT ,45,28,17,,,200,Керамический корпус с фланцами,20.32,20.32,6.67,9.67,,Y,,svch-tranzistory_8,,,,СВЧ-транзисторы других производителей,svch-tranzistory-drugih-proizvoditelej,svch-tranzistory_section_2
svch-tranzistory_25,Высокочастотный транзистор MFR174,,Y,2600,,html,,,html,MFR174.png,MACOM,MFR174,Радиочастотный N-канальный LDMOS,125,28,9,,,150,Керамический корпус с фланцами,26.04,26.04,"6,58",12.70,,Y,,svch-tranzistory_9,,,,СВЧ-транзисторы других производителей,svch-tranzistory-drugih-proizvoditelej,svch-tranzistory_section_2
svch-tranzistory_26,Высокочастотный транзистор D1002UK,,Y,2700,,html,,,html,D1002UK.png,MACOM,D1002UK,,40,28,16,,,108,Керамический корпус с фланцами,20.32,20.32,6.67,9.52,,Y,,svch-tranzistory_10,,,,СВЧ-транзисторы других производителей,svch-tranzistory-drugih-proizvoditelej,svch-tranzistory_section_2
svch-tranzistory_27,Высокочастотный транзистор BLF278,,Y,2800,,html,,,html,BLF278.png,SEMELAB,BLF278,Радиочастотный N-канальный LDMOS,300,50,18,,,225,Керамический корпус с фланцами,34.30,20,5.80,22.00,10.40,,,svch-tranzistory_11,,,,СВЧ-транзисторы других производителей,svch-tranzistory-drugih-proizvoditelej,svch-tranzistory_section_2
svch-tranzistory_28,Высокочастотный транзистор BLF404,,Y,2900,,html,,,html,BLF404.png,NXP,BLF404,Сдвоенный N-канальный радиочастотный LDMOS с общим истоком,4,"12,5","11,5","0,5",,,Пластиковый корпус поверхностного монтажа SO8 с формованными выводами,7.36,05.08,2.18,,,,,svch-tranzistory_12,,,,СВЧ-транзисторы других производителей,svch-tranzistory-drugih-proizvoditelej,svch-tranzistory_section_2
svch-tranzistory_29,Высокочастотный транзистор BLF574,,Y,3000,,html,,,html,BLF574.png,NXP,BLF574 ,Радиочастотный LDMOS ,600,50,"27,5",,,500,Керамический корпус с фланцами,41.15,16.60,4.45,31.25,9.40,,,svch-tranzistory_13,,,,СВЧ-транзисторы других производителей,svch-tranzistory-drugih-proizvoditelej,svch-tranzistory_section_2
svch-tranzistory_30,Высокочастотный транзистор D1207UK,,Y,3100,,html,,,html,D1207UK.png,AMPLEON,D1207UK,Сдвоенный N-канальный радиочастотный LDMOS с общим истоком,20,"12,5",10,1,,,"Керамический корпус с фланцами: 2 монтажных отверстия, 4 вывода ",18.90,16.38,05.08,6.35,6.35,,,svch-tranzistory_14,,,,СВЧ-транзисторы других производителей,svch-tranzistory-drugih-proizvoditelej,svch-tranzistory_section_2
svch-tranzistory_31,Высокочастотный транзистор D2001UK,,Y,3200,,html,,,html,D2001UK.png,SEMELAB,D2001UK,Сдвоенный N-канальный радиочастотный LDMOS с общим истоком,"2,5",28,13,1,,,"Керамический корпус с фланцами: 2 монтажных отверстия, 2 вывода ",18.92,16.51,6.35,,,,,svch-tranzistory_15,,,,СВЧ-транзисторы других производителей,svch-tranzistory-drugih-proizvoditelej,svch-tranzistory_section_2
svch-tranzistory_32,Высокочастотный транзистор D2202UK,,Y,3300,,html,,,html,D2202UK.png,SEMELAB,D2202UK,,5,"12,5",10,1,,,"Керамический корпус с фланцами: 2 монтажных отверстия, 2 вывода ",18.92,16.51,6.35,,,,,svch-tranzistory_16,,,,СВЧ-транзисторы других производителей,svch-tranzistory-drugih-proizvoditelej,svch-tranzistory_section_2
svch-tranzistory_33,Высокочастотный транзистор BLS6G3135,,Y,3400,,html,,,html,BLS6G3135.png,SEMELAB,BLS6G3135,,20,28,,,3100,3500,Керамический корпус с фланцами,"15,37","4,62","7,24",,,,,svch-tranzistory_17,,,,СВЧ-транзисторы других производителей,svch-tranzistory-drugih-proizvoditelej,svch-tranzistory_section_2
svch-tranzistory_34,Высокочастотный транзистор ,,N,3500,,html,,,html,,,,,,,,,,,,,,,,,,,,,,,СВЧ-транзисторы других производителей,svch-tranzistory-drugih-proizvoditelej,svch-tranzistory_section_2
svch-tranzistory_35,Высокочастотный транзистор D2208UK (SemeLAB),,Y,3600,,html,,,html,D2208UK (SemeLAB).png,SEMELAB,D2208UK (SemeLAB),,40,"12,5",10,"0,5",,,"Керамический корпус с фланцами: 2 монтажных отверстия, 4 вывода ",24.76,16.51,6.47,,,,,svch-tranzistory_2,,,,СВЧ-транзисторы других производителей,svch-tranzistory-drugih-proizvoditelej,svch-tranzistory_section_2
svch-tranzistory_36,Высокочастотный транзистор BLF246,,Y,3700,,html,,,html,BLF246.png,NXP,BLF246,,80,28,16,,,108,Керамический корпус с фланцами,27.00,27.00,6.67,12.70,,Y,,svch-tranzistory_9,,,,СВЧ-транзисторы других производителей,svch-tranzistory-drugih-proizvoditelej,svch-tranzistory_section_2
svch-tranzistory_37,Высокочастотный транзистор D2213UK,,Y,3800,,html,,,html,,SEMELAB,D2213UK,,20,"12,5",10,1,,,"Керамический корпус с фланцами: 2 монтажных отверстия, 4 вывода ",24.76,16.51,6.47,,,,,svch-tranzistory_14,,,,СВЧ-транзисторы других производителей,svch-tranzistory-drugih-proizvoditelej,svch-tranzistory_section_2
svch-tranzistory_38,Высокочастотный транзистор D2002UK,,Y,3900,,html,,,html,,SEMELAB,D2002UK,,5,28,13,1,,,"Керамический корпус с фланцами: 2 монтажных отверстия, 2 вывода ",18.92,16.51,6.35,,,,,svch-tranzistory_15,,,,СВЧ-транзисторы других производителей,svch-tranzistory-drugih-proizvoditelej,svch-tranzistory_section_2